name,length,design_iptm,true_iptm,plddt,n_epitope,n_on_site
tnf_w1_012,73,0.587,0.758,0.830,29,11
tnf_w0_003,79,0.506,0.717,0.852,24,9
tnf_w0_012,73,0.556,0.691,0.718,26,11
tnf_w0_008,63,0.368,0.682,0.751,27,10
tnf_w0_009,77,0.416,0.647,0.591,19,4
tnf_w0_011,60,0.582,0.638,0.775,24,6
tnf_w1_004,80,0.391,0.632,0.746,10,7
tnf_w0_004,70,0.408,0.597,0.745,24,13
tnf_w0_007,79,0.453,0.504,0.668,16,12
tnf_w0_006,80,0.409,0.497,0.722,18,13
tnf_w0_010,80,0.293,0.489,0.579,25,8
tnf_w0_005,79,0.488,0.486,0.719,28,11
tnf_w1_008,74,0.362,0.477,0.690,21,7
tnf_w1_003,66,0.169,0.399,0.527,12,2
tnf_w0_001,69,0.292,0.398,0.553,18,2
tnf_w0_002,56,0.161,0.394,0.508,10,3
tnf_w1_009,80,0.424,0.384,0.577,21,3
tnf_w1_002,55,0.130,0.192,0.529,8,0
tnf_w0_013,75,0.201,0.178,0.599,9,8
tnf_w1_010,73,0.174,0.168,0.745,6,5
tnf_w1_006,57,0.118,0.161,0.425,8,1
tnf_w1_001,73,0.110,0.158,0.472,8,1
tnf_w1_014,77,0.115,0.153,0.511,5,0
tnf_w1_007,75,0.102,0.151,0.647,0,0
tnf_w1_013,78,0.130,0.145,0.797,2,1
tnf_w1_011,56,0.100,0.144,0.616,12,1
tnf_w1_005,56,0.098,0.129,0.390,3,0
