name,source,role,length,n_his,n_anchor,his_subs,partners,repair,i_ptm,plddt,parent_iptm,retained,n_on_site
tnf_w1_012_sw,tnf_w1_012,switch,73,3,2,"E17H,E9H,E28H",K166A/R107B/R108B,none,0.725,0.775,0.758,0.956,11
tnf_w0_011_sw,tnf_w0_011,switch,60,2,1,"L18H,Q19H",R107B/R108B,C37S,0.651,0.747,0.638,1.020,6
tnf_w0_012_sw,tnf_w0_012,switch,73,2,2,"Q23H,D27H",R108B,none,0.621,0.690,0.691,0.899,11
tnf_w0_003_sw,tnf_w0_003,switch,79,3,2,"D32H,L29H,Q33H",R107B/R108B,C43S,0.604,0.812,0.717,0.842,9
tnf_w0_008_sw,tnf_w0_008,switch,63,3,2,"L49H,E54H,D46H",R107B/R108B,"C20S,A6S,A8S,L13I,L15I",0.570,0.603,0.682,0.836,10
tnf_w0_010_sw,tnf_w0_010,switch,80,2,1,"E59H,Q53H",R107B/R108B,C41S,0.561,0.532,0.489,1.147,8
tnf_w1_004_sw,tnf_w1_004,switch,80,2,2,"Q45H,E49H",R108B,"C24S,C28S,C35S,Q38E,Q40E,Q42E",0.493,0.728,0.632,0.780,7
tnf_w0_004_sw,tnf_w0_004,switch,70,2,2,"L26H,Q22H",R108B,C45S,0.487,0.702,0.597,0.816,13
tnf_w0_005_sw,tnf_w0_005,switch,79,3,2,"Q48H,L44H,D45H",R107B/R108B,"C24S,C30S",0.374,0.647,0.486,0.770,11
tnf_w0_006_sw,tnf_w0_006,switch,80,2,2,"D45H,L49H",R108B,"C17S,C21S,C23S,C24S,C68S,C75S,C76S",0.352,0.686,0.497,0.708,13
tnf_w0_009_sw,tnf_w0_009,switch,77,2,1,"L31H,Q29H",R107B/R108B,"C46S,E70Q,E72Q",0.347,0.489,0.647,0.536,4
tnf_w0_007_sw,tnf_w0_007,switch,79,2,2,"Y47H,E50H",R108B,"C23S,C26S,C29S,C30S,C43S",0.282,0.641,0.504,0.560,12
tnf_w1_008_sw,tnf_w1_008,switch,74,3,2,"Q35H,L36H,A8H",R107B/R108B,"C50S,C54S",0.199,0.660,0.477,0.417,7
tnf_w1_012_ctl,tnf_w1_012,control,73,0,0,none,,none,0.758,0.830,0.758,1.000,11
tnf_w0_008_ctl,tnf_w0_008,control,63,0,0,none,,"C20S,A6S,A8S,L13I,L15I",0.724,0.732,0.682,1.062,10
tnf_w0_003_ctl,tnf_w0_003,control,79,0,0,none,,C43S,0.698,0.848,0.717,0.974,9
tnf_w0_012_ctl,tnf_w0_012,control,73,0,0,none,,none,0.691,0.718,0.691,1.000,11
tnf_w1_004_ctl,tnf_w1_004,control,80,0,0,none,,"C24S,C28S,C35S,Q38E,Q40E,Q42E",0.655,0.750,0.632,1.036,7
tnf_w0_009_ctl,tnf_w0_009,control,77,0,0,none,,"C46S,E70Q,E72Q",0.645,0.587,0.647,0.997,4
tnf_w0_004_ctl,tnf_w0_004,control,70,0,0,none,,C45S,0.602,0.738,0.597,1.008,13
tnf_w0_011_ctl,tnf_w0_011,control,60,0,0,none,,C37S,0.559,0.708,0.638,0.876,6
tnf_w0_006_ctl,tnf_w0_006,control,80,0,0,none,,"C17S,C21S,C23S,C24S,C68S,C75S,C76S",0.550,0.695,0.497,1.107,13
tnf_w0_010_ctl,tnf_w0_010,control,80,0,0,none,,C41S,0.506,0.579,0.489,1.035,8
tnf_w1_008_ctl,tnf_w1_008,control,74,0,0,none,,"C50S,C54S",0.460,0.667,0.477,0.964,7
tnf_w0_007_ctl,tnf_w0_007,control,79,0,0,none,,"C23S,C26S,C29S,C30S,C43S",0.460,0.633,0.504,0.913,12
tnf_w0_005_ctl,tnf_w0_005,control,79,0,0,none,,"C24S,C30S",0.442,0.689,0.486,0.909,11
